Категория;Подкатегория;НаименованиеКолекции;Бренд;Гарантия;Страна;Внимание;КраткоеОписание;Код;НазваниеРазмера;Цена1;Цена2;Цена3;Цвет;H;V;D;СкладРазмера
Посуда;Художественная роспись;Горшок для жаркого 0,5 мл;ТЕРРА;Нет;Украина;Нет;;000000045;Горшок для жаркого 0,5 мл;58;58;58;терракота;10;0,5;13;есть в наличии
Посуда;Художественная роспись;Горшок для жаркого 0,5 мл. худ. Розпись;ТЕРРА;Нет;Украина;Нет;;000000046;Горшок для жаркого 0,5 мл. худ. Розпись;72;72;72;терракота;10;0,5;13;есть в наличии
Посуда;Художественная роспись;Горшок для жаркого 0,6 рыжий;ТЕРРА;Нет;Украина;Нет;;000000047;Горшок для жаркого 0,6 рыжий;20;20;20;терракота;10;0,6;13;есть в наличии
Посуда;Художественная роспись;Горшок для жаркого 0,6 чорный худ розпись;ТЕРРА;Нет;Украина;Нет;;000000048;Горшок для жаркого 0,6 чорный худ розпись;50;50;50;черный;10;0,6;13;есть в наличии
Посуда;дымленая;Горшок для жаркого V0,5 дымленый, резбленный;ТЕРРА;Нет;Украина;Нет;;000000050;Горшок для жаркого V0,5 дымленый, резбленный;79;79;79;ченро-коричневый;10;0,5;13;есть в наличии
Однотонная керамика;перламутр;Колекция Ксения перламутр;Каменный цветок;Нет;;Нет;Изменен артикул 10917188;000000235;Горшок Ксения 2  16*14*1,5 люкс персик,керамика;133;133;133;персик;120;1,2;162;есть в наличии
Однотонная керамика;перламутр;Колекция Ксения перламутр;Каменный цветок;Нет;;Нет;Изменен артикул 10917189;000000236;Горшок Ксения 2  16*14*1,5 люкс салат,керамика;133;133;133;салат;120;1,2;162;есть в наличии
Однотонная керамика;перламутр;Колекция Ксения перламутр;Каменный цветок;Нет;;Нет;;000000237;Горшок Ксения 2  16*14*1,5 люкс серебро,керамика;133;133;133;серебро;120;1,2;162;есть в наличии
Однотонная керамика;глянец;Колекция Ксения глянец;Каменный цветок;Нет;;Нет;;000000255;Горшок Ксения 8 глянец беж;1 100;1 100;1 100;бежевый;340;26,5;397;есть в наличии
Однотонная керамика;глянец;Колекция Ксения глянец;Каменный цветок;Нет;;Нет;;000000256;Горшок Ксения 8 глянец белый;1 100;1 100;1 100;белый;340;26,5;397;есть в наличии
Однотонная керамика;глянец;Колекция Ксения глянец;Каменный цветок;Нет;;Нет;;000000257;Горшок Ксения 8 глянец красный;1 100;1 100;1 100;красный;340;26,5;397;есть в наличии
Однотонная керамика;глянец;Колекция Ксения глянец;Каменный цветок;Нет;;Нет;;000000258;Горшок Ксения 8 глянец  шоколад;1 100;1 100;1 100;шоколад;340;26,5;397;есть в наличии
Однотонная керамика;перламутр;Колекция Ксения перламутр;Каменный цветок;Нет;;Нет;;000000261;Горшок Ксения 8 люкс персик;1 814;1 814;1 814;персик;36;30;;есть в наличии
Однотонная керамика;перламутр;Колекция Ксения перламутр;Каменный цветок;Нет;;Нет;;000000262;Горшок Ксения 8 люкс серебро/металик;1 814;1 814;1 814;серебро;36;30;;есть в наличии
Грунтосмеси;Для орхидей;Субстрат для орхидей Экофлора;Экофлора;Нет;;Нет;;000000404;Субстрат для орхидей Экофлора 3,5л;27;27;27;без цвета;;3,5;;есть в наличии
Грунтосмеси;Универсальные;Грунт Универсальный Экофлора;Экофлора;Нет;;Нет;;000000407;Грунт Универсальный Экофлора 20л;30;30;30;без цвета;;;;есть в наличии
Грунтосмеси;Универсальные;Грунт Универсальный Экофлора;Экофлора;Нет;;Нет;;000000408;Грунт Универсальный Экофлора 3,5л;9;9;9;без цвета;;3,5;;есть в наличии
Грунтосмеси;Универсальные;Грунт Универсальный Экофлора;Экофлора;Нет;;Нет;;000000410;Грунт Универсальный Экофлора 7л;14;14;14;без цвета;;;;есть в наличии
Посуда;дымленая;Миска d 17 дымленая, резбленная;ТЕРРА;Нет;Украина;Нет;;000000474;Миска d 17 дымленая, резбленная;54;54;54;ченро-коричневый;7;0,65;17;есть в наличии
Посуда;дымленая;Миска d 19 дымленая;ТЕРРА;Нет;Украина;Нет;;000000475;Миска d 19 дымленая;76;76;76;ченро-коричневый;7;0,65;19;есть в наличии
Посуда;Художественная роспись;Миска d 19 худ. розпись;ТЕРРА;Нет;Украина;Нет;;000000476;Миска d 19 худ. розпись;61;61;61;терракота;7;0,65;19;есть в наличии
Кашпо под орхидеи;Стеклянные кашпо;Колекция Орхидейниця стекло рельєфная;Веригос;Нет;Украина;Нет;;000000500;Орхидейница стекло рельефная;53;53;53;Прозрачный;16,5;1,2;13;есть в наличии
Посуда;дымленая;Стакан керамический V0,3;ТЕРРА;Нет;Польша;Нет;;000000555;Стакан керамический V0,3;47;47;47;ченро-коричневый;10,5;0,35;8,5;есть в наличии
Посуда;дымленая;Тарелка d 20 см, дымленая;ТЕРРА;Нет;Украина;Нет;;000000558;Тарелка d 20 см, дымленая;76;76;76;ченро-коричневый;;;20;есть в наличии
Посуда;Художественная роспись;Тарелка d 20 см, худ. розпись;ТЕРРА;Нет;Украина;Нет;;000000559;Тарелка d 20 см, худ. розпись;61;61;61;терракота;;;20;есть в наличии
Грунтосмеси;Для пальм;Грунт для Пальм Экофлора;Экофлора;Нет;;Нет;;000000612;Грунт для Пальм Экофлора 7л;14;14;14;без цвета;;;;есть в наличии
Посуда;дымленая;Піала V 1,0 дымленая;ТЕРРА;Нет;Украина;Нет;;000000630;Пиала V 1,0 дымленая;76;76;76;ченро-коричневый;9,5;1;17;есть в наличии
Посуда;дымленая;Соусница, дымленая;ТЕРРА;Нет;Украина;Нет;;000000647;Соусница, дымленая;29;29;29;ченро-коричневый;4,5;0,15;9;есть в наличии
Кашпо под орхидеи;Стеклянные кашпо;Колекция Орхидейница стекло Квадрат;Веригос;Нет;Украина;Нет;;000000653;Орхидейница стекло Квадрат;0;0;0;Прозрачный;15;2;15;Ожидается
Посуда;дымленая;Піала V 0,6 дымленая;ТЕРРА;Нет;Украина;Нет;;000000659;Пиала V 0,6 дымленая;68;68;68;ченро-коричневый;7;0,6;14;есть в наличии
Грунтосмеси;для Фиалок;Грунт для Фиалок Экофлора;Экофлора;Нет;;Нет;;000000671;Грунт для Фиалок Экофлора 3,5л;9;9;9;без цвета;;3,5;;есть в наличии
Посуда;дымленая;Блюдо 21 см, дымленое;ТЕРРА;Нет;Украина;Нет;;000000676;Блюдо 21 см, дымленое;79;79;79;ченро-коричневый;;;21;есть в наличии
Посуда;дымленая;Тарелка d 23 см, дымленая;ТЕРРА;Нет;Украина;Нет;;000000677;Тарелка d 23 см, дымленая;83;83;83;ченро-коричневый;;;23;есть в наличии
Пластиковые вазоны;Разноцветный пластик;Колекция АГА; Polnix;Нет;Польша;Нет;;000000685;Горшок АГА 16;0;0;0;белый;12,5;1,5;14;Ожидается
Грунтосмеси;Для декоративно-лиственных;Грунт для декоративно-лиственных растений Экофлора;Экофлора;Нет;;Нет;;000000693;Грунт для декоративно-лиственных растений Экофлора 7л;14;14;14;без цвета;;;;есть в наличии
Пластиковые вазоны;Разноцветный пластик;Колекция АГА; Polnix;Нет;Польша;Нет;;000000697;Горшок АГА 18;0;0;0;белый;14,5;2,5;16;есть в наличии
Пластиковые вазоны;Разноцветный пластик;Колекция АГА; Polnix;Нет;Польша;Нет;;000000698;Горшок АГА 20;0;0;0;белый;16;3,5;18;Ожидается
Грунтосмеси;Для цветущих;Грунт для цветущих растений Экофлора ;Экофлора;Нет;;Нет;;000000725;Грунт для цветущих растений  Экофлора  7л;14;14;14;без цвета;;;;Ожидается
Кашпо под орхидеи;Стеклянные кашпо;Колекция Орхидейница стекло Цилиндр;Веригос;Нет;Украина;Нет;;000000734;Орхидейница стекло Цилиндр;0;0;0;Прозрачный;15;2;15;Ожидается
Пластиковые вазоны;Разноцветный пластик;Колекция АГА; Polnix;Нет;Польша;Нет;;000000735;Горшок АГА 14;0;0;0;белый;18;4,5;20;есть в наличии
Комплектующие;Поддоны керамические;Колекция поддон Стандарт;ТЕРРА;Нет;Украина;Нет;;000000817;Поддон d 250;48;48;48;терракота;5;;25;есть в наличии
Посуда;дымленая;Кастрюля V2,0 дымленая;ТЕРРА;Нет;Украина;Нет;;000000819;Кастрюля V2,0 дымленая;0;0;0;ченро-коричневый;10;2;17;есть в наличии
Однотонная керамика;перламутр;Колекция Виктория перламутр;Каменный цветок;Нет;;Нет;;000000849;Горшок Виктория 10*11*0,25 люкс персик, керамика;60;60;60;персик;95;0,4;110;есть в наличии
Однотонная керамика;перламутр;Колекция Виктория перламутр;Каменный цветок;Нет;;Нет;;000000850;Горшок Виктория 10*11*0,25 люкс салат, керамика;60;60;60;салат;95;0,4;110;есть в наличии
Однотонная керамика;глянец;Колекция Виктория глянец;Каменный цветок;Нет;;Нет;;000000851;Горшок Виктория 10 *11*0,25 глянец красный,керамика;60;60;60;красный;95;0,4;110;есть в наличии
Однотонная керамика;глянец;Колекция Виктория глянец;Каменный цветок;Нет;;Нет;;000000853;Горшок Виктория 10 *11*0,25 глянец фиолет,керамика;60;60;60;фиолетовый;95;110;110;Ожидается
Однотонная керамика;глянец;Колекция Виктория глянец;Каменный цветок;Нет;;Нет;;000000854;Горшок Виктория 10 *11*0,25 глянец оранж,керамика;60;60;60;оранжевый;95;0,4;110;Ожидается
Однотонная керамика;глянец;Колекция Виктория глянец;Каменный цветок;Нет;;Нет;;000000855;Горшок Виктория 10 *11*0,25 глянец желтый,керамика;60;60;60;желтый;95;0,4;110;Ожидается
Однотонная керамика;глянец;Колекция Виктория глянец;Каменный цветок;Нет;;Нет;;000000856;Горшок Виктория 10 *11*0,25 глянец зеленый,керамика;60;60;60;зеленый;95;0,4;110;есть в наличии
Однотонная керамика;перламутр;Колекция Виктория перламутр;Каменный цветок;Нет;;Нет;;000000863;Горшок Виктория 10*11*0,25 люкс серебро, керамика;60;60;60;серебро;95;0,4;110;есть в наличии
Однотонная керамика;глянец;Колекция Виктория глянец;Каменный цветок;Нет;;Нет;;000000864;Горшок Виктория 10 *11*0,25 глянец белый,керамика;60;60;60;белый;95;0,4;110;Ожидается
Посуда;дымленая;Миска d 23 дымленая;ТЕРРА;Нет;Украина;Нет;;000000908;Миска d 23 дымленая;133;133;133;ченро-коричневый;9,5;3;23;есть в наличии
Грунтосмеси;для Фиалок;Полесский субстрат Фиалка ;RICH LAND;Нет;;Нет;;000000916;Полесский субстрат Фиалка  2,5л;11;11;11;без цвета;;2,5;;есть в наличии
Грунтосмеси;для кактусов;Полесский субстрат Кактус;RICH LAND;Нет;;Нет;;000000917;Полесский субстрат Кактус  2,5;13;13;13;без цвета;;2,5;;есть в наличии
Грунтосмеси;Универсальные;Полесский субстрат Универсальный;RICH LAND;Нет;;Нет;;000000918;Полесский субстрат Универсальный 2,5л;10;10;10;без цвета;;2,5;;Ожидается
Грунтосмеси;Универсальные;Полесский субстрат Универсальный;RICH LAND;Нет;;Нет;;000000919;Полесский субстрат Универсальный 5л;17;17;17;без цвета;;;;Ожидается
Грунтосмеси;Для цветущих;Полесский субстрат Цветы;RICH LAND;Нет;;Нет;;000000920;Полесский субстрат Цветы 5л;18;18;18;без цвета;;;;есть в наличии
Грунтосмеси;Для пальм;Полесский субстрат Пальма ;RICH LAND;Нет;;Нет;;000000921;Полесский субстрат Пальма  5л;19;19;19;без цвета;;;;есть в наличии
Грунтосмеси;для комнатных растений;Полесский субстрат Декор-лиственный;RICH LAND;Нет;;Нет;;000000922;Полесский субстрат Декор-лиственный 5л;19;19;19;без цвета;;;;есть в наличии
Грунтосмеси;Универсальные;Полесский субстрат Универсальный;RICH LAND;Нет;;Нет;;000000923;Полесский субстрат Универсальный 10л;33;33;33;без цвета;;;;есть в наличии
Грунтосмеси;Универсальные;Полесский субстрат Универсальный;RICH LAND;Нет;;Нет;;000000924;Полесский субстрат Универсальный 20л;57;57;57;без цвета;;;;есть в наличии
Грунтосмеси;Для орхидей;Санремо субстрат Орхидея;RICH LAND;Нет;;Нет;;000000925;Санремо субстрат Орхидея 3л;30;30;30;без цвета;;3;;Ожидается
Грунтосмеси;Для декоративно-лиственных;Санремо субстрат Декор-лиственный;RICH LAND;Нет;;Нет;;000000926;Санремо субстрат Декор-лиственный 3л;10;10;10;без цвета;;3;;Ожидается
Грунтосмеси;Для декоративно-лиственных;Санремо субстрат Декор-лиственный;RICH LAND;Нет;;Нет;;000000927;Санремо субстрат Декор-лиственный 7л;20;20;20;без цвета;;;;Ожидается
Удобрения;для комнатных растений;Стимовит 0,5 для цветущих;RICH LAND;Нет;Украина;Нет;;000000935;Стимовит 0,5 для цветущих;15;15;15;без цвета;;0,5;;есть в наличии
Удобрения;для комнатных растений;Стимовит 0,5 универсальное;RICH LAND;Нет;Украина;Нет;;000000936;Стимовит 0,5 универсальное;15;15;15;без цвета;;0,5;;есть в наличии
Удобрения;для комнатных растений;Стимовит 0,5 для орхидей;RICH LAND;Нет;Украина;Нет;;000000937;Стимовит 0,5 для орхидей;15;15;15;без цвета;;0,5;;есть в наличии
Удобрения;для комнатных растений;Стимовит 0,5 для пальм, юкк и драцен;RICH LAND;Нет;Украина;Нет;;000000938;Стимовит 0,5 для пальм, юкк и драцен;15;15;15;без цвета;;0,5;;Ожидается
Удобрения;для комнатных растений;Стимовит 0,5 для фиалок;RICH LAND;Нет;Украина;Нет;;000000939;Стимовит 0,5 для фиалок;15;15;15;без цвета;;0,5;;есть в наличии
Однотонная керамика;шелк;Колекция Магнолия шелк;Shapovalov;Нет;;Нет;;000000954;Горшок Магнолия 13*15*1,3 шелк, белый,керамика;118;118;118;белый;13;1,3;15;есть в наличии
Однотонная керамика;шелк;Колекция Магнолия шелк;Shapovalov;Нет;;Нет;;000000955;Горшок Магнолия 16*19*2,5 шелк,белый керамика;152;152;152;белый;16;2,5;18;есть в наличии
Однотонная керамика;шелк;Колекция Магнолия шелк;Shapovalov;Нет;;Нет;;000000956;Горшок Магнолия 13*15*1,3 шелк, шоколад,керамика;118;118;118;шоколад;13;1,3;15;есть в наличии
Однотонная керамика;шелк;Колекция Магнолия шелк;Shapovalov;Нет;;Нет;;000000957;Горшок Магнолия 16*19*2,5 шелк,шоколад,керамика;152;152;152;шоколад;16;2,5;18;есть в наличии
Однотонная керамика;шелк;Колекция Магнолия шелк;Shapovalov;Нет;;Нет;;000000959;Горшок Магнолия 13*15*1,3 шелк, красный,керамика;118;118;118;красный;13;1,3;15;есть в наличии
Однотонная керамика;шелк;Колекция Магнолия шелк;Shapovalov;Нет;;Нет;;000000960;Горшок Магнолия 13*15*1,3 шелк, розовый,керамика;118;118;118;розовый;13;1,3;15;есть в наличии
Однотонная керамика;шелк;Колекция Магнолия шелк;Shapovalov;Нет;;Нет;;000000961;Горшок Магнолия 16*19*2,5 шелк,красный,керамика;152;152;152;красный;16;2,5;18;есть в наличии
Однотонная керамика;шелк;Колекция Магнолия шелк;Shapovalov;Нет;;Нет;;000000962;Горшок Магнолия 16*19*2,5 шелк,розовый,керамика;152;152;152;розовый;16;2,5;18;есть в наличии
Однотонная керамика;шелк;Колекция Магнолия шелк;Shapovalov;Нет;;Нет;;000000963;Горшок Магнолия 13*15*1,3 шелк, черный,керамика;118;118;118;черный;13;1,3;15;есть в наличии
Однотонная керамика;шелк;Колекция Магнолия шелк;Shapovalov;Нет;;Нет;;000000964;Горшок Магнолия 16*19*2,5 шелк,черный,керамика;152;152;152;черный;16;2,5;18;есть в наличии
Удобрения;для комнатных растений;Стимовит 0,5 TURBO ;RICH LAND;Нет;Украина;Нет;;000000965;Стимовит 0,5 TURBO ;23;23;23;без цвета;;0,5;;Ожидается
Однотонная керамика;шелк;Колекция Магнолия шелк;Shapovalov;Нет;;Нет;;000000971;Горшок Магнолия 13*15*1,3 шелк, салат,керамика;118;118;118;салат;13;1,3;15;есть в наличии
Однотонная керамика;шелк;Колекция Магнолия шелк;Shapovalov;Нет;;Нет;;000000973;Горшок Магнолия 13*15*1,3 шелк, серый,керамика;118;118;118;серый;13;1,3;15;есть в наличии
Однотонная керамика;шелк;Колекция Магнолия шелк;Shapovalov;Нет;;Нет;;000000974;Горшок Магнолия 16*19*2,5 шелк,салат,керамика;152;152;152;салат;16;2,5;18;есть в наличии
Однотонная керамика;шелк;Колекция Магнолия шелк;Shapovalov;Нет;;Нет;;000000975;Горшок Магнолия 16*19*2,5 шелк,серый,керамика;152;152;152;серый;16;2,5;18;есть в наличии
Однотонная керамика;шелк;Колекция Магнолия шелк;Shapovalov;Нет;;Нет;;000000983;Горшок Магнолия 20*18*3,0 шелк,красный,керамика;202;202;202;красный;20;3;19;есть в наличии
Однотонная керамика;шелк;Колекция Магнолия шелк;Shapovalov;Нет;;Нет;Артикул бил изменен 10921669;000000984;Горшок Магнолия 20*18*3,0 шелк,белый,керамика;202;202;202;белый;20;3;19;есть в наличии
Однотонная керамика;шелк;Колекция Магнолия шелк;Shapovalov;Нет;;Нет;;000000989;Горшок Магнолия 16*19*2,5 шелк,беж,керамика;152;152;152;бежевый;16;2,5;18;есть в наличии
Однотонная керамика;шелк;Колекция Магнолия шелк;Shapovalov;Нет;;Нет;;000000990;Горшок Магнолия 13*15*1,3 шелк, беж,керамика;118;118;118;бежевый;13;1,3;15;есть в наличии
Однотонная керамика;шелк;Колекция Магнолия шелк;Shapovalov;Нет;;Нет;;000000991;Горшок Магнолия 20*18*3,0 шелк,шоколад,керамика;202;202;202;шоколад;20;3;19;есть в наличии
Однотонная керамика;шелк;Колекция Магнолия шелк;Shapovalov;Нет;;Нет;;000000992;Горшок Магнолия 20*18*3,0 шелк,беж,керамика;202;202;202;бежевый;20;3;19;есть в наличии
Однотонная керамика;шелк;Колекция Магнолия шелк;Shapovalov;Нет;;Нет;;000000993;Горшок Магнолия 20*18*3,0 шелк,розовый,керамика;202;202;202;розовый;20;3;19;есть в наличии
Однотонная керамика;шелк;Колекция Магнолия шелк;Shapovalov;Нет;;Нет;;000000994;Горшок Магнолия 20*18*3,0 шелк,салат,керамика;202;202;202;салат;20;3;19;есть в наличии
Однотонная керамика;шелк;Колекция Магнолия шелк;Shapovalov;Нет;;Нет;;000000995;Горшок Магнолия 20*18*3,0 шелк,серый,керамика;202;202;202;серый;20;3;19;есть в наличии
Однотонная керамика;шелк;Колекция Магнолия шелк;Shapovalov;Нет;;Нет;;000000996;Горшок Магнолия 20*18*3,0 шелк,черный,керамика;202;202;202;черный;20;3;19;есть в наличии
Однотонная керамика;глянец;Колекция Плошка глянец;Каменный цветок;Нет;;Нет;;000001086;Горшок Плошка 12*30*6 глянец белый,керамика;426;426;426;белый;12;5,6;310;есть в наличии
Однотонная керамика;глянец;Колекция Плошка глянец;Каменный цветок;Нет;;Нет;;000001087;Горшок Плошка 12*30*6 глянец беж,керамика;426;426;426;бежевый;12;5,6;310;есть в наличии
Однотонная керамика;глянец;Колекция Плошка глянец;Каменный цветок;Нет;;Нет;;000001088;Горшок Плошка 12*30*6 глянец шоколад,керамика;426;426;426;шоколад;12;5,6;310;Ожидается
Однотонная керамика;глянец;Колекция Плошка глянец;Каменный цветок;Нет;;Нет;;000001089;Горшок Плошка 12*30*6 глянец красный,керамика;426;426;426;красный;12;5,6;310;есть в наличии
Однотонная керамика;перламутр;Колекция Плошка перламутр;Каменный цветок;Нет;;Нет;;000001090;Горшок Плошка 12*30*6 люкс персик,керамика;426;426;426;персик;12;5,6;310;есть в наличии
Однотонная керамика;перламутр;Колекция Плошка перламутр;Каменный цветок;Нет;;Нет;;000001091;Горшок Плошка 12*30*6 люкс салат,керамика;426;426;426;салат;12;5,6;310;есть в наличии
Однотонная керамика;перламутр;Колекция Плошка перламутр;Каменный цветок;Нет;;Нет;;000001092;Горшок Плошка 12*30*6 люкс серебро,керамика;426;426;426;серебро;14;5,6;310;Ожидается
Однотонная керамика;глянец;Колекция Бокарнейница глянец;Каменный цветок;Нет;;Нет;;000001093;Горшок Бокарнейница 21*32*8 глянец белый,керамика;532;532;532;белый;;7,4;320;есть в наличии
Однотонная керамика;глянец;Колекция Бокарнейница глянец;Каменный цветок;Нет;;Нет;;000001094;Горшок Бокарнейница 21*32*8 глянец беж,керамика;532;532;532;бежевый;;7,4;320;есть в наличии
Однотонная керамика;глянец;Колекция Бокарнейница глянец;Каменный цветок;Нет;;Нет;;000001095;Горшок Бокарнейница 21*32*8 глянец шоколад,керамика;532;532;532;шоколад;;7,4;320;есть в наличии
Однотонная керамика;глянец;Колекция Бокарнейница глянец;Каменный цветок;Нет;;Нет;;000001096;Горшок Бокарнейница 21*32*8 глянец красный,керамика;532;532;532;красный;;7,4;320;есть в наличии
Однотонная керамика;перламутр;Колекция Бокарнейница перламутр;Каменный цветок;Нет;;Нет;;000001097;Горшок Бокарнейница 21*32*8 люкс персик,керамика;532;532;532;персик;;7,4;320;Ожидается
Однотонная керамика;перламутр;Колекция Бокарнейница перламутр;Каменный цветок;Нет;;Нет;;000001098;Горшок Бокарнейница 21*32*8 люкс салат,керамика;532;532;532;салат;;7,4;320;Ожидается
Однотонная керамика;перламутр;Колекция Бокарнейница перламутр;Каменный цветок;Нет;;Нет;;000001099;Горшок Бокарнейница 21*32*8  люкс серебро,керамика;532;532;532;серебро;;7,4;320;есть в наличии
Однотонная керамика;глянец;Колекция Виктория глянец;Каменный цветок;Нет;;Нет;;000001157;Горшок Виктория 10 *11*0,25 глянец беж,керамика;60;60;60;бежевый;95;0,4;110;есть в наличии
Однотонная керамика;глянец;Колекция Виктория глянец;Каменный цветок;Нет;;Нет;;000001158;Горшок Виктория 10 *11*0,25 глянец шоколад,керамика;60;60;60;шоколад;95;0,4;110;есть в наличии
Однотонная керамика;глянец;Колекция Виктория глянец;Каменный цветок;Нет;;Нет;;000001159;Горшок Виктория 13*12*1,0 глянец беж,керамика;73;73;73;бежевый;105;0,7;125;есть в наличии
Однотонная керамика;глянец;Колекция Виктория глянец;Каменный цветок;Нет;;Нет;;000001160;Горшок Виктория 13*12*1,0 глянец белый,керамика;73;73;73;белый;105;0,7;125;есть в наличии
Однотонная керамика;глянец;Колекция Виктория глянец;Каменный цветок;Нет;;Нет;;000001161;Горшок Виктория 13*12*1,0 глянец фиолет,керамика;73;73;73;фиолетовый;105;0,7;125;есть в наличии
Однотонная керамика;глянец;Колекция Виктория глянец;Каменный цветок;Нет;;Нет;;000001162;Горшок Виктория 13*12*1,0 глянец желтый,керамика;73;73;73;желтый;105;0,7;125;есть в наличии
Однотонная керамика;глянец;Колекция Виктория глянец;Каменный цветок;Нет;;Нет;;000001163;Горшок Виктория 13*12*1,0 глянец зеленый,керамика;73;73;73;зеленый;105;0,4;125;есть в наличии
Однотонная керамика;глянец;Колекция Виктория глянец;Каменный цветок;Нет;;Нет;;000001164;Горшок Виктория 13*12*1,0 глянец оранж,керамика;73;73;73;оранжевый;105;0,7;125;Ожидается
Однотонная керамика;глянец;Колекция Виктория глянец;Каменный цветок;Нет;;Нет;;000001166;Горшок Виктория 13*12*1,0 глянец красный,керамика;73;73;73;красный;105;0,7;125;есть в наличии
Однотонная керамика;глянец;Колекция Виктория глянец;Каменный цветок;Нет;;Нет;;000001167;Горшок Виктория 13*12*1,0 глянец шокодад,керамика;73;73;73;шоколад;105;0,7;125;есть в наличии
Однотонная керамика;перламутр;Колекция Виктория перламутр;Каменный цветок;Нет;;Нет;;000001168;Горшок Виктория 13*12*1,0 люкс персик, керамика;73;73;73;персик;105;0,7;125;есть в наличии
Однотонная керамика;перламутр;Колекция Виктория перламутр;Каменный цветок;Нет;;Нет;;000001169;Горшок Виктория 13*12*1,0 люкс салат, керамика;73;73;73;салат;105;0,7;125;есть в наличии
Однотонная керамика;перламутр;Колекция Виктория перламутр;Каменный цветок;Нет;;Нет;;000001170;Горшок Виктория 13*12*1,0 люкс серебро, керамика;73;73;73;серебро;105;0,7;125;есть в наличии
Однотонная керамика;глянец;Колекция Виктория глянец;Каменный цветок;Нет;;Нет;;000001171;Горшок Виктория 16*15*1,9 глянец беж,керамика;109;109;109;бежевый;130;1,7;155;Ожидается
Однотонная керамика;глянец;Колекция Виктория глянец;Каменный цветок;Нет;;Нет;;000001172;Горшок Виктория 16*15*1,9 глянец белый,керамика;109;109;109;белый;130;1,7;155;Ожидается
Однотонная керамика;глянец;Колекция Виктория глянец;Каменный цветок;Нет;;Нет;;000001173;Горшок Виктория 16*15*1,9 глянец фиолет,керамика;109;109;109;фиолетовый;130;1,7;155;есть в наличии
Однотонная керамика;глянец;Колекция Виктория глянец;Каменный цветок;Нет;;Нет;;000001174;Горшок Виктория 16*15*1,9 глянец желтый,керамика;109;109;109;желтый;130;1,7;155;есть в наличии
Однотонная керамика;глянец;Колекция Виктория глянец;Каменный цветок;Нет;;Нет;;000001175;Горшок Виктория 16*15*1,9 глянец зеленый,керамика;109;109;109;зеленый;130;1,7;155;Ожидается
Однотонная керамика;глянец;Колекция Виктория глянец;Каменный цветок;Нет;;Нет;;000001176;Горшок Виктория 16*15*1,9 глянец оранж,керамика;109;109;109;оранжевый;130;1,7;155;есть в наличии
Однотонная керамика;глянец;Колекция Виктория глянец;Каменный цветок;Нет;;Нет;;000001178;Горшок Виктория 16*15*1,9 глянец красный,керамика;109;109;109;красный;130;1,7;155;есть в наличии
Однотонная керамика;глянец;Колекция Виктория глянец;Каменный цветок;Нет;;Нет;;000001179;Горшок Виктория 16*15*1,9 глянец шоколад,керамика;109;109;109;шоколад;130;1,7;155;Ожидается
Однотонная керамика;перламутр;Колекция Виктория перламутр;Каменный цветок;Нет;;Нет;;000001180;Горшок Виктория 16*15*1,8 люкс персик, керамика;109;109;109;персик;130;1,7;155;есть в наличии
Однотонная керамика;перламутр;Колекция Виктория перламутр;Каменный цветок;Нет;;Нет;;000001181;Горшок Виктория 16*15*1,8 люкс салат, керамика;109;109;109;салат;130;1,7;155;Ожидается
Однотонная керамика;перламутр;Колекция Виктория перламутр;Каменный цветок;Нет;;Нет;;000001182;Горшок Виктория 16*15*1,8 люкс серебро, керамика;109;109;109;серебро;130;1,7;155;есть в наличии
Однотонная керамика;глянец;Колекция Виктория глянец;Каменный цветок;Нет;;Нет;;000001183;Горшок Виктория 18*16*2,5 глянец беж,керамика;133;133;133;бежевый;155;2,3;182;есть в наличии
Однотонная керамика;глянец;Колекция Виктория глянец;Каменный цветок;Нет;;Нет;;000001184;Горшок Виктория 18*16*2,5 глянец белый,керамика;133;133;133;белый;155;2,3;182;есть в наличии
Однотонная керамика;глянец;Колекция Виктория глянец;Каменный цветок;Нет;;Нет;;000001185;Горшок Виктория 18*16*2,5 глянец фиолет,керамика;133;133;133;фиолетовый;155;2,3;182;есть в наличии
Однотонная керамика;глянец;Колекция Виктория глянец;Каменный цветок;Нет;;Нет;;000001186;Горшок Виктория 18*16*2,5 глянец желтый,керамика;133;133;133;желтый;155;2,3;182;есть в наличии
Однотонная керамика;глянец;Колекция Виктория глянец;Каменный цветок;Нет;;Нет;;000001187;Горшок Виктория 18*16*2,5 глянец  зеленый,керамика;133;133;133;зеленый;155;2,3;182;Ожидается
Однотонная керамика;глянец;Колекция Виктория глянец;Каменный цветок;Нет;;Нет;;000001188;Горшок Виктория 18*16*2,5 глянец оранж,керамика;133;133;133;оранжевый;155;2,3;182;есть в наличии
Однотонная керамика;глянец;Колекция Виктория глянец;Каменный цветок;Нет;;Нет;;000001190;Горшок Виктория 18*16*2,5 глянец красный,керамика;133;133;133;красный;155;2,3;182;Ожидается
Однотонная керамика;глянец;Колекция Виктория глянец;Каменный цветок;Нет;;Нет;;000001191;Горшок Виктория 18*16*2,5 глянец шоколад,керамика;133;133;133;шоколад;155;2,3;182;Ожидается
Однотонная керамика;перламутр;Колекция Виктория перламутр;Каменный цветок;Нет;;Нет;;000001192;Горшок Виктория 18*16*2,5 люкс персик,керамика;133;133;133;персик;155;2,3;182;есть в наличии
Однотонная керамика;перламутр;Колекция Виктория перламутр;Каменный цветок;Нет;;Нет;;000001193;Горшок Виктория 18*16*2,5 люкс салат,керамика;133;133;133;салат;155;2,3;182;есть в наличии
Однотонная керамика;перламутр;Колекция Виктория перламутр;Каменный цветок;Нет;;Нет;;000001194;Горшок Виктория 18*16*2,5 люкс серебро,керамика;133;133;133;серебро;155;2,3;182;есть в наличии
Однотонная керамика;глянец;Колекция Виктория глянец;Каменный цветок;Нет;;Нет;;000001195;Горшок Виктория 20*18*3,5 глянец беж, керамика;206;206;206;бежевый;178;3,6;205;есть в наличии
Однотонная керамика;глянец;Колекция Виктория глянец;Каменный цветок;Нет;;Нет;;000001196;Горшок Виктория 20*18*3,5 глянец белый, керамика;206;206;206;белый;178;3,6;205;есть в наличии
Однотонная керамика;глянец;Колекция Виктория глянец;Каменный цветок;Нет;;Нет;;000001197;Горшок Виктория 20*18*3,5 глянец фиолет, керамика;206;206;206;фиолетовый;178;3,6;205;Ожидается
Однотонная керамика;глянец;Колекция Виктория глянец;Каменный цветок;Нет;;Нет;;000001198;Горшок Виктория 20*18*3,5 глянец желтый, керамика;206;206;206;желтый;178;3,6;205;есть в наличии
Однотонная керамика;глянец;Колекция Виктория глянец;Каменный цветок;Нет;;Нет;;000001199;Горшок Виктория 20*18*3,5 глянец зеленый, керамика;206;206;206;зеленый;178;3,6;205;есть в наличии
Однотонная керамика;глянец;Колекция Виктория глянец;Каменный цветок;Нет;;Нет;;000001200;Горшок Виктория 20*18*3,5 глянец оранж, керамика;206;206;206;оранжевый;178;3,6;205;есть в наличии
Однотонная керамика;глянец;Колекция Виктория глянец;Каменный цветок;Нет;;Нет;;000001202;Горшок Виктория 20*18*3,5 глянец красный, керамика;206;206;206;красный;178;3,6;205;есть в наличии
Однотонная керамика;глянец;Колекция Виктория глянец;Каменный цветок;Нет;;Нет;;000001203;Горшок Виктория 20*18*3,5 глянец шоколад, керамика;206;206;206;шоколад;178;3,6;205;Ожидается
Однотонная керамика;перламутр;Колекция Виктория перламутр;Каменный цветок;Нет;;Нет;;000001204;Горшок Виктория 20*18*3,5 люкс персик,керамика;206;206;206;персик;178;3,6;205;Ожидается
Однотонная керамика;перламутр;Колекция Виктория перламутр;Каменный цветок;Нет;;Нет;;000001205;Горшок Виктория 20*18*3,5 люкс салат,керамика;206;206;206;салат;178;3,6;205;есть в наличии
Однотонная керамика;перламутр;Колекция Виктория перламутр;Каменный цветок;Нет;;Нет;;000001206;Горшок Виктория 20*18*3,5 люкс серебро,керамика;206;206;206;серебро;178;3,6;205;Ожидается
Однотонная керамика;глянец;Колекция Ксения глянец;Каменный цветок;Нет;;Нет;;000001208;Горшок Ксения 0 8*7*0,25 глянец белый,керамика;53;53;53;белый;58;0,15;95;есть в наличии
Однотонная керамика;глянец;Колекция Ксения глянец;Каменный цветок;Нет;;Нет;;000001209;Горшок Ксения 0 8*7*0,25 глянец фиолет,керамика;53;53;53;фиолетовый;58;0,15;95;есть в наличии
Однотонная керамика;глянец;Колекция Ксения глянец;Каменный цветок;Нет;;Нет;;000001210;Горшок Ксения 0 8*7*0,25 глянец желтый,керамика;53;53;53;желтый;58;0,15;95;есть в наличии
Однотонная керамика;глянец;Колекция Ксения глянец;Каменный цветок;Нет;;Нет;;000001211;Горшок Ксения 0 8*7*0,25 глянец зеленый,керамика;53;53;53;зеленый;58;0,15;95;есть в наличии
Однотонная керамика;глянец;Колекция Ксения глянец;Каменный цветок;Нет;;Нет;;000001212;Горшок Ксения 0 8*7*0,25 глянец оранж,керамика;53;53;53;оранжевый;58;0,15;95;есть в наличии
Однотонная керамика;глянец;Колекция Ксения глянец;Каменный цветок;Нет;;Нет;;000001214;Горшок Ксения 0 8*7*0,25 глянец красный,керамика;53;53;53;красный;58;0,15;95;есть в наличии
Однотонная керамика;перламутр;Колекция Ксения перламутр;Каменный цветок;Нет;;Нет;;000001216;Горшок Ксения 0 8*7*0,25 люкс персик,керамика;53;53;53;персик;58;0,15;95;есть в наличии
Однотонная керамика;перламутр;Колекция Ксения перламутр;Каменный цветок;Нет;;Нет;;000001217;Горшок Ксения 0 8*7*0,25 люкс салат,керамика;53;53;53;салат;58;0,15;95;есть в наличии
Однотонная керамика;перламутр;Колекция Ксения перламутр;Каменный цветок;Нет;;Нет;;000001218;Горшок Ксения 0 8*7*0,25 люкс серебро,керамика;53;53;53;серебро;58;0,15;95;есть в наличии
Однотонная керамика;глянец;Колекция Ксения глянец;Каменный цветок;Нет;;Нет;;000001220;Горшок Ксения 1 11*9*0,5 глянец белый,керамика;80;80;80;белый;80;0,35;118;есть в наличии
Однотонная керамика;глянец;Колекция Ксения глянец;Каменный цветок;Нет;;Нет;;000001221;Горшок Ксения 1 11*9*0,5 глянец фиолет,керамика;80;80;80;фиолетовый;80;0,35;118;Ожидается
Однотонная керамика;глянец;Колекция Ксения глянец;Каменный цветок;Нет;;Нет;;000001222;Горшок Ксения 1 11*9*0,5 глянец желтый,керамика;80;80;80;желтый;80;0,35;118;есть в наличии
Однотонная керамика;глянец;Колекция Ксения глянец;Каменный цветок;Нет;;Нет;;000001223;Горшок Ксения 1 11*9*0,5 глянец зеленый,керамика;80;80;80;зеленый;80;0,35;118;есть в наличии
Однотонная керамика;глянец;Колекция Ксения глянец;Каменный цветок;Нет;;Нет;;000001224;Горшок Ксения 1 11*9*0,5 глянец оранж,керамика;80;80;80;оранжевый;80;0,35;118;есть в наличии
Однотонная керамика;глянец;Колекция Ксения глянец;Каменный цветок;Нет;;Нет;;000001226;Горшок Ксения 1 11*9*0,5 глянец красный,керамика;80;80;80;красный;80;0,35;118;Ожидается
Однотонная керамика;перламутр;Колекция Ксения перламутр;Каменный цветок;Нет;;Нет;;000001228;Горшок Ксения 1 11*9*0,5 люкс, персик,керамика;80;80;80;персик;80;0,35;118;есть в наличии
Однотонная керамика;перламутр;Колекция Ксения перламутр;Каменный цветок;Нет;;Нет;;000001229;Горшок Ксения 1 11*9*0,5 люкс, салат,керамика;80;80;80;салат;80;0,35;118;есть в наличии
Однотонная керамика;перламутр;Колекция Ксения перламутр;Каменный цветок;Нет;;Нет;;000001230;Горшок Ксения 1 11*9*0,5 люкс, серебро,керамика;80;80;80;серебро;80;0,35;118;есть в наличии
Однотонная керамика;глянец;Колекция Ксения глянец;Каменный цветок;Нет;;Нет;;000001231;Горшок Ксения 2 16*14*1,5 глянец беж,керамика;133;133;133;бежевый;120;1,2;162;есть в наличии
Однотонная керамика;глянец;Колекция Ксения глянец;Каменный цветок;Нет;;Нет;;000001232;Горшок Ксения 2 16*14*1,5 глянец белый,керамика;133;133;133;белый;120;1,2;162;есть в наличии
Однотонная керамика;глянец;Колекция Ксения глянец;Каменный цветок;Нет;;Нет;;000001233;Горшок Ксения 2 16*14*1,5 глянец фиолет,керамика;133;133;133;фиолетовый;120;1,2;162;есть в наличии
Однотонная керамика;глянец;Колекция Ксения глянец;Каменный цветок;Нет;;Нет;;000001234;Горшок Ксения 2 16*14*1,5 глянец желтый,керамика;133;133;133;желтый;120;1,2;162;есть в наличии
Однотонная керамика;глянец;Колекция Ксения глянец;Каменный цветок;Нет;;Нет;;000001235;Горшок Ксения 2 16*14*1,5 глянец зеленый,керамика;133;133;133;зеленый;120;1,2;162;есть в наличии
Однотонная керамика;глянец;Колекция Ксения глянец;Каменный цветок;Нет;;Нет;;000001236;Горшок Ксения 2 16*14*1,5 глянец оранж,керамика;133;133;133;оранжевый;120;1,2;162;есть в наличии
Однотонная керамика;глянец;Колекция Ксения глянец;Каменный цветок;Нет;;Нет;;000001238;Горшок Ксения 2 16*14*1,5 глянец красный,керамика;133;133;133;красный;120;1,2;162;есть в наличии
Однотонная керамика;глянец;Колекция Ксения глянец;Каменный цветок;Нет;;Нет;;000001239;Горшок Ксения 2 16*14*1,5 глянец шоколад,керамика;133;133;133;шоколад;120;1,2;162;Ожидается
Однотонная керамика;глянец;Колекция Ксения глянец;Каменный цветок;Нет;;Нет;;000001240;Горшок Ксения 3 20*16*3,0 глянец беж,керамика;145;145;145;бежевый;160;2,6;195;есть в наличии
Однотонная керамика;глянец;Колекция Ксения глянец;Каменный цветок;Нет;;Нет;;000001241;Горшок Ксения 3 20*16*3,0 глянец белый,керамика;145;145;145;белый;160;2,6;195;есть в наличии
Однотонная керамика;глянец;Колекция Ксения глянец;Каменный цветок;Нет;;Нет;;000001242;Горшок Ксения 3 20*16*3,0 глянец фиолет,керамика;145;145;145;фиолетовый;160;2,6;195;есть в наличии
Однотонная керамика;глянец;Колекция Ксения глянец;Каменный цветок;Нет;;Нет;;000001243;Горшок Ксения 3 20*16*3,0 глянец желтый,керамика;145;145;145;желтый;160;2,6;195;есть в наличии
Однотонная керамика;глянец;Колекция Ксения глянец;Каменный цветок;Нет;;Нет;;000001244;Горшок Ксения 3 20*16*3,0 глянец зеленый,керамика;145;145;145;зеленый;160;2,6;195;Ожидается
Однотонная керамика;глянец;Колекция Ксения глянец;Каменный цветок;Нет;;Нет;;000001245;Горшок Ксения 3 20*16*3,0 глянец оранж,керамика;145;145;145;оранжевый;160;2,6;195;есть в наличии
Однотонная керамика;глянец;Колекция Ксения глянец;Каменный цветок;Нет;;Нет;;000001247;Горшок Ксения 3 20*16*3,0 глянец красный,керамика;145;145;145;красный;160;2,6;195;Ожидается
Однотонная керамика;глянец;Колекция Ксения глянец;Каменный цветок;Нет;;Нет;;000001248;Горшок Ксения 3 20*16*3,0 глянец шоколад,керамика;145;145;145;шоколад;160;2,6;195;Ожидается
Однотонная керамика;перламутр;Колекция Ксения перламутр;Каменный цветок;Нет;;Нет;;000001249;Горшок Ксения 3 20*16*3,0 люкс,персик,керамика;145;145;145;персик;160;2,6;195;Ожидается
Однотонная керамика;перламутр;Колекция Ксения перламутр;Каменный цветок;Нет;;Нет;;000001250;Горшок Ксения 3 20*16*3,0 люкс,салат,керамика;145;145;145;салат;160;2,6;195;есть в наличии
Однотонная керамика;перламутр;Колекция Ксения перламутр;Каменный цветок;Нет;;Нет;;000001251;Горшок Ксения 3 20*16*3,0 люкс,серебро,керамика;145;145;145;серебро;160;2,6;195;есть в наличии
Однотонная керамика;глянец;Колекция Ксения глянец;Каменный цветок;Нет;;Нет;;000001252;Горшок Ксения 4 23*22*5,3 глянец,беж керамика;218;218;218;бежевый;187;4,8;230;есть в наличии
Однотонная керамика;глянец;Колекция Ксения глянец;Каменный цветок;Нет;;Нет;;000001253;Горшок Ксения 4 23*22*5,3 глянец,белый керамика;218;218;218;белый;187;4,8;230;есть в наличии
Однотонная керамика;глянец;Колекция Ксения глянец;Каменный цветок;Нет;;Нет;;000001254;Горшок Ксения 4 23*22*5,3 глянец,красный керамика;218;218;218;красный;187;4,8;230;есть в наличии
Однотонная керамика;глянец;Колекция Ксения глянец;Каменный цветок;Нет;;Нет;;000001255;Горшок Ксения 4 23*22*5,3 глянец,шоколад керамика;218;218;218;шоколад;187;4,8;230;Ожидается
Однотонная керамика;перламутр;Колекция Ксения перламутр;Каменный цветок;Нет;;Нет;;000001256;Горшок Ксения 4 23*22*5,3 люкс персик,керамика;218;218;218;персик;187;4,8;230;есть в наличии
Однотонная керамика;перламутр;Колекция Ксения перламутр;Каменный цветок;Нет;;Нет;;000001257;Горшок Ксения 4 23*22*5,3 люкс салат,керамика;218;218;218;салат;187;4,8;230;есть в наличии
Однотонная керамика;перламутр;Колекция Ксения перламутр;Каменный цветок;Нет;;Нет;;000001258;Горшок Ксения 4 23*22*5,3 люкс серебро,керамика;218;218;218;серебро;187;4,8;230;есть в наличии
Однотонная керамика;глянец;Колекция Ксения глянец;Каменный цветок;Нет;;Нет;;000001259;Горшок Ксения 5 26*24*7,5 глянец беж,керамика;278;278;278;бежевый;211;6,9;270;есть в наличии
Однотонная керамика;глянец;Колекция Ксения глянец;Каменный цветок;Нет;;Нет;;000001260;Горшок Ксения 5 26*24*7,5 глянец белый,керамика;278;278;278;белый;211;6,9;270;есть в наличии
Однотонная керамика;глянец;Колекция Ксения глянец;Каменный цветок;Нет;;Нет;;000001261;Горшок Ксения 5 26*24*7,5 глянец красный,керамика;278;278;278;красный;211;6,9;270;есть в наличии
Однотонная керамика;глянец;Колекция Ксения глянец;Каменный цветок;Нет;;Нет;;000001262;Горшок Ксения 5 26*24*7,5 глянец шоколад,керамика;278;278;278;шоколад;211;6,9;270;есть в наличии
Однотонная керамика;перламутр;Колекция Ксения перламутр;Каменный цветок;Нет;;Нет;;000001263;Горшок Ксения 5 26*24*7,5 люкс персик,керамика;278;278;278;персик;211;6,9;270;есть в наличии
Однотонная керамика;перламутр;Колекция Ксения перламутр;Каменный цветок;Нет;;Нет;;000001264;Горшок Ксения 5 26*24*7,5 люкс салат,керамика;278;278;278;салат;211;6,9;270;есть в наличии
Однотонная керамика;перламутр;Колекция Ксения перламутр;Каменный цветок;Нет;;Нет;;000001265;Горшок Ксения 5 26*24*7,5 люкс серебро,керамика;278;278;278;серебро;211;6,9;270;есть в наличии
Однотонная керамика;глянец;Колекция Ксения глянец;Каменный цветок;Нет;;Нет;;000001266;Горшок Ксения 6 32*29*13 глянец беж,керамика;399;399;399;бежевый;253;11;298;есть в наличии
Однотонная керамика;глянец;Колекция Ксения глянец;Каменный цветок;Нет;;Нет;;000001267;Горшок Ксения 6 32*29*13 глянец белый,керамика;399;399;399;белый;253;11;298;есть в наличии
Однотонная керамика;глянец;Колекция Ксения глянец;Каменный цветок;Нет;;Нет;;000001268;Горшок Ксения 6 32*29*13 глянец красный,керамика;399;399;399;красный;253;11;298;есть в наличии
Однотонная керамика;глянец;Колекция Ксения глянец;Каменный цветок;Нет;;Нет;;000001269;Горшок Ксения 6 32*29*13 глянец шоколад,керамика;399;399;399;шоколад;253;11;298;есть в наличии
Однотонная керамика;перламутр;Колекция Ксения перламутр;Каменный цветок;Нет;;Нет;;000001270;Горшок Ксения 6 32*29*13 люкс персик,керамика;399;399;399;персик;;11;298;есть в наличии
Однотонная керамика;перламутр;Колекция Ксения перламутр;Каменный цветок;Нет;;Нет;;000001271;Горшок Ксения 6 32*29*13 люкс салат,керамика;399;399;399;салат;;11;298;есть в наличии
Однотонная керамика;перламутр;Колекция Ксения перламутр;Каменный цветок;Нет;;Нет;;000001272;Горшок Ксения 6 32*29*13 люкс серебро,керамика;399;399;399;серебро;;11;298;есть в наличии
Однотонная керамика;глянец;Колекция Ксения глянец;Каменный цветок;Нет;;Нет;;000001273;Горшок Ксения 7 33*30*15 глянец беж,керамика;593;593;593;бежевый;;16;294;есть в наличии
Однотонная керамика;глянец;Колекция Ксения глянец;Каменный цветок;Нет;;Нет;;000001274;Горшок Ксения 7 33*30*15 глянец белый,керамика;593;593;593;белый;;16;294;есть в наличии
Однотонная керамика;глянец;Колекция Ксения глянец;Каменный цветок;Нет;;Нет;;000001275;Горшок Ксения 7 33*30*15 глянец красный,керамика;593;593;593;красный;;16;294;есть в наличии
Однотонная керамика;глянец;Колекция Ксения глянец;Каменный цветок;Нет;;Нет;;000001276;Горшок Ксения 7 33*30*15 глянец шоколад,керамика;593;593;593;шоколад;;16;294;есть в наличии
Однотонная керамика;перламутр;Колекция Ксения перламутр;Каменный цветок;Нет;;Нет;;000001277;Горшок Ксения 7 33*30*15 люкс персик,керамика;593;593;593;персик;;16;357;есть в наличии
Однотонная керамика;перламутр;Колекция Ксения перламутр;Каменный цветок;Нет;;Нет;;000001278;Горшок Ксения 7 33*30*15 люкс салат,керамика;593;593;593;салат;;16;294;есть в наличии
Однотонная керамика;перламутр;Колекция Ксения перламутр;Каменный цветок;Нет;;Нет;;000001279;Горшок Ксения 7 33*30*15 люкс серебро,керамика;593;593;593;серебро;;16;294;есть в наличии
Однотонная керамика;глянец;Колекция КС фиалка глянец;Каменный цветок;Нет;;Нет;;000001280;Горшок КС фиалка 13*8*0,5 глянец белый,керамика;80;80;80;белый;65;0,35;130;есть в наличии
Однотонная керамика;глянец;Колекция КС фиалка глянец;Каменный цветок;Нет;;Нет;;000001281;Горшок КС фиалка 13*8*0,5 глянец фиолет,керамика;80;80;80;фиолетовый;65;0,35;130;есть в наличии
Однотонная керамика;глянец;Колекция КС фиалка глянец;Каменный цветок;Нет;;Нет;;000001282;Горшок КС фиалка 13*8*0,5 глянец желтый ,керамика;80;80;80;желтый;65;0,35;130;есть в наличии
Однотонная керамика;глянец;Колекция КС фиалка глянец;Каменный цветок;Нет;;Нет;;000001283;Горшок КС фиалка 13*8*0,5 глянец зеленый,керамика;80;80;80;зеленый;65;0,35;130;есть в наличии
Однотонная керамика;глянец;Колекция КС фиалка глянец;Каменный цветок;Нет;;Нет;;000001284;Горшок КС фиалка 13*8*0,5 глянец оранж,керамика;80;80;80;оранжевый;65;0,35;130;Ожидается
Однотонная керамика;глянец;Колекция КС фиалка глянец;Каменный цветок;Нет;;Нет;;000001286;Горшок КС фиалка 13*8*0,5 глянец красный,керамика;80;80;80;красный;65;0,35;130;есть в наличии
Однотонная керамика;перламутр;Колекция КС фиалка перламутр;Каменный цветок;Нет;;Нет;;000001287;Горшок КС фиалка 13*8*0,5 люкс персик,керамика;80;80;80;персик;65;0,35;130;есть в наличии
Однотонная керамика;перламутр;Колекция КС фиалка перламутр;Каменный цветок;Нет;;Нет;;000001288;Горшок КС фиалка 13*8*0,5 люкс салат,керамика;80;80;80;салат;65;0,35;130;есть в наличии
Однотонная керамика;перламутр;Колекция КС фиалка перламутр;Каменный цветок;Нет;;Нет;;000001289;Горшок КС фиалка 13*8*0,5 люкс серебро,керамика;80;80;80;серебро;65;0,35;130;есть в наличии
Однотонная керамика;глянец;Колекция КС фиалка глянец;Каменный цветок;Нет;;Нет;;000001290;Горшок КС фиалка 16*9*1,0 глянец белый,керамика;107;107;107;белый;75;0,85;155;есть в наличии
Однотонная керамика;глянец;Колекция КС фиалка глянец;Каменный цветок;Нет;;Нет;;000001291;Горшок КС фиалка 16*9*1,0 глянец фиолет,керамика;107;107;107;фиолетовый;75;0,85;155;есть в наличии
Однотонная керамика;глянец;Колекция КС фиалка глянец;Каменный цветок;Нет;;Нет;;000001292;Горшок КС фиалка 16*9*1,0 глянец желтый,керамика;107;107;107;желтый;65;0,35;130;Ожидается
Однотонная керамика;глянец;Колекция КС фиалка глянец;Каменный цветок;Нет;;Нет;;000001293;Горшок КС фиалка 16*9*1,0 глянец зеленый,керамика;107;107;107;зеленый;75;0,35;155;Ожидается
Однотонная керамика;глянец;Колекция КС фиалка глянец;Каменный цветок;Нет;;Нет;;000001294;Горшок КС фиалка 16*9*1,0 глянец оранж,керамика;107;107;107;оранжевый;65;0,35;130;есть в наличии
Однотонная керамика;глянец;Колекция КС фиалка глянец;Каменный цветок;Нет;;Нет;;000001295;Горшок КС фиалка 16*9*1,0 глянец красный,керамика;107;107;107;красный;75;0,85;155;Ожидается
Однотонная керамика;перламутр;Колекция КС фиалка перламутр;Каменный цветок;Нет;;Нет;;000001297;Горшок КС фиалка 16*9*1,0 люкс персик,керамика;107;107;107;персик;75;0,85;155;Ожидается
Однотонная керамика;перламутр;Колекция КС фиалка перламутр;Каменный цветок;Нет;;Нет;;000001298;Горшок КС фиалка 16*9*1,0 люкс салат,керамика;107;107;107;салат;75;0,85;155;Ожидается
Однотонная керамика;перламутр;Колекция КС фиалка перламутр;Каменный цветок;Нет;;Нет;;000001299;Горшок КС фиалка 16*9*1,0 люкс серебро,керамика;107;107;107;серебро;75;0,85;155;Ожидается
Свечи;Свечи в керамическом горшке;Свеча в горшке Стандарт;Candle pot;Нет;Украина;Нет;;000001339;Свечкав горшке Стандарт 0,2*7*7 белая;39;39;39;белый;7;0,2;7;есть в наличии
Свечи;Свечи в керамическом горшке;Свеча в горшке Стандарт;Candle pot;Нет;Украина;Нет;;000001340;Свечкав горшке Стандарт 0,2*7*7 яблоко;39;39;39;салат;7;0,2;7;есть в наличии
Свечи;Свечи в керамическом горшке;Свеча в горшке Стандарт;Candle pot;Нет;Украина;Нет;;000001341;Свечкав горшке Стандарт 0,2*7*7 желтая;39;39;39;желтый;7;0,2;7;есть в наличии
Свечи;Свечи в керамическом горшке;Свеча в горшке Стандарт;Candle pot;Нет;Украина;Нет;;000001342;Свечкав горшке Стандарт 0,2*7*7 бордо;39;39;39;бордо;7;0,2;7;есть в наличии
Свечи;Свечи в керамическом горшке;Свеча в горшке Стандарт;Candle pot;Нет;Украина;Нет;;000001343;Свечкав горшке Стандарт 0,2*7*7 фиолетовая;39;39;39;фиолетовый;7;0,2;7;есть в наличии
Свечи;Свечи в керамическом горшке;Свеча в горшке Стандарт;Candle pot;Нет;Украина;Нет;;000001344;Свечкав горшке Стандарт 0,2*7*7 бирюза;39;39;39;бирюза;7;0,2;7;есть в наличии
Свечи;Свечи в керамическом горшке;Свеча в горшке Стандарт;Candle pot;Нет;Украина;Нет;;000001345;Свечкав горшке Стандарт 0,2*7*7 новый орандж;39;39;39;оранжевый;7;0,2;7;есть в наличии
Свечи;Свечи в керамическом горшке;Свеча в горшке Стандарт;Candle pot;Нет;Украина;Нет;;000001346;Свечкав горшке Стандарт 0,6*10*11 белая;79;79;79;белый;10;0,6;11;есть в наличии
Свечи;Свечи в керамическом горшке;Свеча в горшке Стандарт;Candle pot;Нет;Украина;Нет;;000001347;Свечкав горшке Стандарт 0,6*10*11 яблоко;79;79;79;салат;10;0,6;11;есть в наличии
Свечи;Свечи в керамическом горшке;Свеча в горшке Стандарт;Candle pot;Нет;Украина;Нет;;000001348;Свечкав горшке Стандарт 0,6*10*11 желтая;79;79;79;желтый;10;0,6;11;есть в наличии
Свечи;Свечи в керамическом горшке;Свеча в горшке Стандарт;Candle pot;Нет;Украина;Нет;;000001349;Свечкав горшке Стандарт 0,6*10*11 бордо;79;79;79;бордо;10;0,6;11;есть в наличии
Свечи;Свечи в керамическом горшке;Свеча в горшке Стандарт;Candle pot;Нет;Украина;Нет;;000001350;Свечкав горшке Стандарт 0,6*10*11 фиолетовая;79;79;79;фиолетовый;10;0,6;11;есть в наличии
Свечи;Свечи в керамическом горшке;Свеча в горшке Стандарт;Candle pot;Нет;Украина;Нет;;000001351;Свечкав горшке Стандарт 0,6*10*11 бирюза;79;79;79;бирюза;10;0,6;11;есть в наличии
Свечи;Свечи в керамическом горшке;Свеча в горшке Стандарт;Candle pot;Нет;Украина;Нет;;000001352;Свечкав горшке Стандарт 0,6*10*11 новый орандж;79;79;79;оранжевый;10;0,6;11;есть в наличии
Однотонная керамика;перламутр;Колекция Реприза;Зеленая сотка;Нет;;Нет;;000001379;Горшок Реприза 12*9,5*0,5 фисташковый,керамика;30;30;30;фисташка;9,5;0,5;12;Ожидается
Однотонная керамика;перламутр;Колекция Реприза;Зеленая сотка;Нет;;Нет;;000001380;Горшок Реприза 15*12*1,0 фисташковый,керамика;45;45;45;фисташка;12;1;15;Ожидается
Однотонная керамика;перламутр;Колекция Реприза;Зеленая сотка;Нет;;Нет;;000001381;Горшок Реприза 18*14*2,0 фисташковый,керамика;60;60;60;фисташка;14;2;18;Ожидается
Однотонная керамика;перламутр;Колекция Реприза;Зеленая сотка;Нет;;Нет;;000001382;Горшок Реприза 21*16*3,0 фисташковый,керамика;75;75;75;фисташка;16;3;21;есть в наличии
Однотонная керамика;перламутр;Колекция Реприза;Зеленая сотка;Нет;;Нет;;000001383;Горшок Реприза 12*9,5*0,5 золотой песок,керамика;30;30;30;золотой песок;9,5;0,5;12;Ожидается
Однотонная керамика;перламутр;Колекция Реприза;Зеленая сотка;Нет;;Нет;;000001384;Горшок Реприза 15*12*1,0 золотой песок,керамика;45;45;45;золотой песок;12;1;15;есть в наличии
Однотонная керамика;перламутр;Колекция Реприза;Зеленая сотка;Нет;;Нет;;000001385;Горшок Реприза 18*14*2,0 золотой песок,керамика;60;60;60;золотой песок;14;2;18;есть в наличии
Однотонная керамика;перламутр;Колекция Реприза;Зеленая сотка;Нет;;Нет;;000001386;Горшок Реприза 21*16*3,0 золотой песок,керамика;75;75;75;золотой песок;16;3;21;есть в наличии
Однотонная керамика;перламутр;Колекция Реприза;Зеленая сотка;Нет;;Нет;;000001387;Горшок Реприза 12*9,5*0,5 иний,керамика;30;30;30;иний;9,5;0,5;12;есть в наличии
Однотонная керамика;перламутр;Колекция Реприза;Зеленая сотка;Нет;;Нет;;000001388;Горшок Реприза 15*12*1,0иний,керамика;45;45;45;иний;12;1;15;есть в наличии
Однотонная керамика;перламутр;Колекция Реприза;Зеленая сотка;Нет;;Нет;;000001389;Горшок Реприза 18*14*2,0 иний,керамика;60;60;60;иний;14;2;18;есть в наличии
Однотонная керамика;перламутр;Колекция Реприза;Зеленая сотка;Нет;;Нет;;000001390;Горшок Реприза 21*16*3,0 иний,керамика;75;75;75;иний;16;3;21;есть в наличии
Однотонная керамика;Терракота;Колекция Азалия;ТЕРРА;Нет;Украина;Нет;;000001391;Горшок рельефний  азалия 28*22,5*3,0 керамика;109;109;109;терракота;14;3;21;есть в наличии
Однотонная керамика;Терракота;Колекция Кампана;ТЕРРА;Нет;Украина;Нет;;000001392;Горшок рельефний 19,5*15,5*3,0 керамика;94;94;94;терракота;15,5;3;19,5;есть в наличии
Однотонная керамика;Терракота;Колекция рельефний Колорадо;ТЕРРА;Нет;Украина;Нет;;000001393;Горшок рельефний 17*16,5*2,8 керамика;85;85;85;терракота;16,5;2,8;17;есть в наличии
Однотонная керамика;Терракота;Колекция Кампана;ТЕРРА;Нет;Украина;Нет;;000001394;Горшок рельефний 17*13*2,0 керамика;60;60;60;терракота;13;2;17;есть в наличии
Однотонная керамика;Терракота;Колекция Кампана;ТЕРРА;Нет;Украина;Нет;;000001395;Горшок рельефний 16*11,5*1,5 керамика;50;50;50;терракота;11,5;1,5;16;есть в наличии
Однотонная керамика;Терракота;Колекция Рельефний 0,7;ТЕРРА;Нет;Украина;Нет;;000001396;Горшок рельефний 10,5*9,5*0,7 керамика;33;33;33;терракота;9,5;0,7;10,5;есть в наличии
Однотонная керамика;Терракота;Колекция Кампана;ТЕРРА;Нет;Украина;Нет;;000001397;Горшок рельефний 11*9,5*0,6 керамика;30;30;30;терракота;9,5;0,6;11;есть в наличии
Однотонная керамика;Терракота;Колекция Кампана;ТЕРРА;Нет;Украина;Нет;;000001398;Горшок рельефний 7,5*6*0,15 керамика;20;20;20;терракота;;0,15;7,5;есть в наличии
Однотонная керамика;Терракота;Колекция Стандарт;ТЕРРА;Нет;Украина;Нет;;000001399;Горшок гладкий 28*22,5*10,0 керамика;284;284;284;терракота;22,5;;28;есть в наличии
Однотонная керамика;Терракота;Колекция Стандарт;ТЕРРА;Нет;Украина;Нет;;000001400;Горшок гладкий 21,5*18,5*4,5 керамика;118;118;118;терракота;18,5;4,5;21;есть в наличии
Однотонная керамика;Терракота;Колекция Стандарт;ТЕРРА;Нет;Украина;Нет;;000001401;Горшок гладкий 15,5*13,5*2,0 керамика;50;50;50;терракота;13,5;2;15,5;есть в наличии
Однотонная керамика;Терракота;Колекция Стандарт;ТЕРРА;Нет;Украина;Нет;;000001402;Горшок гладкий 13*12*1,1 керамика;41;41;41;терракота;12;1,1;13;есть в наличии
Однотонная керамика;Терракота;Колекция Стандарт;ТЕРРА;Нет;Украина;Нет;;000001403;Горшок гладкий 11,5*10*0,6 керамика;30;30;30;терракота;10;0,6;11,5;есть в наличии
Однотонная керамика;Терракота;Колекция Стандарт;ТЕРРА;Нет;Украина;Нет;;000001404;Горшок гладкий 7,5*7*0,2 керамика;20;20;20;терракота;7;0,2;7,5;есть в наличии
Однотонная керамика;Терракота;Колекция Фиалка ;ТЕРРА;Нет;Украина;Нет;;000001405;Горшок фиалка 11*8*0,5 керамика;30;30;30;терракота;8;0,5;11;есть в наличии
Однотонная керамика;Терракота;Колекция Пиала Гладкая;ТЕРРА;Нет;Украина;Нет;;000001406;Пиала гладкая 16,5*8,5*1,0 керамика;47;47;47;терракота;8,5;1;16;есть в наличии
Однотонная керамика;Терракота;Колекция Пиала Рельефная;ТЕРРА;Нет;Украина;Нет;;000001407;Пиала рельефная 17,5*9,5*1,0 керамика;47;47;47;терракота;9,5;1;17,5;есть в наличии
Однотонная керамика;Терракота;Колекция Пиала Гладкая;ТЕРРА;Нет;Украина;Нет;;000001408;Пиала гладкая 13*6,5*0,6 керамика;30;30;30;терракота;6,5;0,6;13;есть в наличии
Однотонная керамика;Терракота;Колекция Пиала Рельефная;ТЕРРА;Нет;Украина;Нет;;000001409;Пиала рельефная 12*6,5*0,5 керамика;30;30;30;терракота;6,5;0,5;12;есть в наличии
Однотонная керамика;Терракота;Колекция Ирис;ТЕРРА;Нет;Украина;Нет;;000001410;Горшок Ирис 14*12*1,4 керамика;57;57;57;терракота;12;1,4;14;есть в наличии
Однотонная керамика;Терракота;Колекция Ирис;ТЕРРА;Нет;Украина;Нет;;000001411;Горшок Ирис 11*9,5*0,6 керамика;36;36;36;терракота;9,5;0,6;11;есть в наличии
Однотонная керамика;Терракота;Колекция Ирис;ТЕРРА;Нет;Украина;Нет;;000001412;Горшок Ирис 8*7*0,25 керамика;23;23;23;терракота;7;0,25;8;есть в наличии
Однотонная керамика;Терракота;Колекция Жасмин;ТЕРРА;Нет;Украина;Нет;;000001413;Горшок Жасмин 12*9*0,8 керамика;36;36;36;терракота;9;0,8;12;есть в наличии
Однотонная керамика;Терракота;Колекция Барбарис;ТЕРРА;Нет;Украина;Нет;;000001414;Горшок Барбарис 15*16*2,0 керамика;60;60;60;терракота;14;2;15;есть в наличии
Комплектующие;Поддоны керамические;Колекция поддон Стандарт;ТЕРРА;Нет;Украина;Нет;;000001415;Поддон d 55;6;6;6;терракота;1,5;;5,5;есть в наличии
Комплектующие;Поддоны керамические;Колекция поддон Ирис;ТЕРРА;Нет;Украина;Нет;;000001416;Поддон d 85;8;8;8;терракота;2;;8,5;есть в наличии
Комплектующие;Поддоны керамические;Колекция поддон Стандарт;ТЕРРА;Нет;Украина;Нет;;000001417;Поддон d 110 ;9;9;9;терракота;2;;11;есть в наличии
Комплектующие;Поддоны керамические;Колекция поддон Ирис;ТЕРРА;Нет;Украина;Нет;;000001418;Поддон d 125;11;11;11;терракота;2,2;;12,5;есть в наличии
Комплектующие;Поддоны керамические;Колекция поддон Ирис;ТЕРРА;Нет;Украина;Нет;;000001419;Поддон d 145;21;21;21;терракота;3;;14,5;есть в наличии
Комплектующие;Поддоны керамические;Колекция поддон Стандарт;ТЕРРА;Нет;Украина;Нет;;000001420;Поддон d 175;24;24;24;терракота;3;;17,5;есть в наличии
Комплектующие;Поддоны керамические;Колекция поддон Стандарт;ТЕРРА;Нет;Украина;Нет;;000001421;Поддон d 210;36;36;36;терракота;4;;21;есть в наличии
;;;;;;;;000001487;Горшок Сонет 10*10*0,5 желтый серпантин, керамика;37;37;37;;;;;есть в наличии
;;;;;;;;000001488;Горшок Сонет 13*12,5*1,0 желтый серпантин, керамика;57;57;57;;;;;есть в наличии
;;;;;;;;000001489;Горшок Сонет 15*14,5*2,0 желтый серпантин, керамика;74;74;74;;;;;есть в наличии
Удобрения;для комнатных растений;Стимовит 0,5 для сурфинии;RICH LAND;Нет;Украина;Нет;;000001577;Стимовит 0,5 для сурфиний;15;15;15;без цвета;;0,5;;есть в наличии
Удобрения;для комнатных растений;Стимовит 0,5 для декоративно-лиственых растений;RICH LAND;Нет;Украина;Нет;;000001578;Стимовит 0,5 для декоративно-лиственых растений;15;15;15;без цвета;;0,5;;есть в наличии
Удобрения;для комнатных растений;Стимовит 0,5 для овощей;RICH LAND;Нет;Украина;Нет;;000001646;Стимовит 0,5 для овощей;15;15;15;без цвета;;0,5;;Ожидается
Керамика с росписью;Терра-декор;Колекция Гладкий бамбук беж;Терра Декор;Нет;Украина;Нет;;000001652;Горшок гладкий 11,5*10*0,6 бамбук беж керамика;55;55;55;бежевый;10;0,6;11,5;есть в наличии
Керамика с росписью;Терра-декор;Колекция Гладкий бамбук белый;Терра Декор;Нет;Украина;Нет;;000001653;Горшок гладкий 11,5*10*0,6 бамбук белый керамика;55;55;55;белый;10;0,6;11,5;есть в наличии
Керамика с росписью;Терра-декор;Колекция Гладкий рябь беж;Терра Декор;Нет;Украина;Нет;;000001654;Горшок гладкий 11,5*10*0,6 рябь беж керамика;55;55;55;бежевый;10;0,6;11,5;есть в наличии
Керамика с росписью;Терра-декор;Колекция Гладкий рябь коричневый;Терра Декор;Нет;Украина;Нет;;000001655;Горшок гладкий 11,5*10*0,6 рябь коричневый керамика;55;55;55;коричневый;10;0,6;11,5;есть в наличии
Керамика с росписью;Терра-декор;Колекция Гладкий рябь салат;Терра Декор;Нет;Украина;Нет;;000001656;Горшок гладкий 11,5*10*0,6 рябь салат керамика;55;55;55;салат;10;0,6;11,5;есть в наличии
Керамика с росписью;Терра-декор;Колекция Гладкий бамбук беж;Терра Декор;Нет;Украина;Нет;;000001657;Горшок гладкий 13*12*1,1 бамбук беж керамика;71;71;71;бежевый;12;1,1;13;есть в наличии
Керамика с росписью;Терра-декор;Колекция Гладкий бамбук белый;Терра Декор;Нет;Украина;Нет;;000001658;Горшок гладкий 13*12*1,1 бамбук белый керамика;71;71;71;белый;12;1,1;13;есть в наличии
Керамика с росписью;Терра-декор;Колекция Гладкий рябь беж;Терра Декор;Нет;Украина;Нет;;000001659;Горшок гладкий 13*12*1,1 рябь беж керамика;71;71;71;бежевый;12;1,1;13;есть в наличии
Керамика с росписью;Терра-декор;Колекция Гладкий рябь коричневый;Терра Декор;Нет;Украина;Нет;;000001660;Горшок гладкий 13*12*1,1 рябь коричневый керамика;71;71;71;коричневый;12;1,1;13;есть в наличии
Керамика с росписью;Терра-декор;Колекция Гладкий рябь салат;Терра Декор;Нет;Украина;Нет;;000001661;Горшок гладкий 13*12*1,1 рябь салат керамика;71;71;71;салат;12;1,1;13;есть в наличии
Керамика с росписью;Терра-декор;Колекция Гладкий бамбук беж;Терра Декор;Нет;Украина;Нет;;000001662;Горшок гладкий 15,5*13,5*2,0 бамбук беж керамика;95;95;95;бежевый;13,5;2;15,5;есть в наличии
Керамика с росписью;Терра-декор;Колекция Гладкий бамбук белый;Терра Декор;Нет;Украина;Нет;;000001663;Горшок гладкий 15,5*13,5*2,0 бамбук белый керамика;95;95;95;белый;13,5;2;15,5;есть в наличии
Керамика с росписью;Терра-декор;Колекция Гладкий рябь беж;Терра Декор;Нет;Украина;Нет;;000001664;Горшок гладкий 15,5*13,5*2,0 рябь беж керамика;95;95;95;бежевый;13,5;2;15,5;есть в наличии
Керамика с росписью;Терра-декор;Колекция Гладкий рябь коричневый;Терра Декор;Нет;Украина;Нет;;000001665;Горшок гладкий 15,5*13,5*2,0 рябь коричневый керамика;95;95;95;коричневый;13,5;2;15,5;есть в наличии
Керамика с росписью;Терра-декор;Колекция Гладкий рябь салат;Терра Декор;Нет;Украина;Нет;;000001666;Горшок гладкий 15,5*13,5*2,0 рябь салат керамика;95;95;95;салат;13,5;2;15,5;есть в наличии
Керамика с росписью;Терра-декор;Колекция Гладкий бамбук беж;Терра Декор;Нет;Украина;Нет;;000001667;Горшок гладкий 7,5*7*0,2 бамбук беж керамика;40;40;40;бежевый;7;0,2;7,5;есть в наличии
Керамика с росписью;Терра-декор;Колекция Гладкий бамбук белый;Терра Декор;Нет;Украина;Нет;;000001668;Горшок гладкий 7,5*7*0,2 бамбук белый керамика;40;40;40;белый;7;0,2;7,5;есть в наличии
Керамика с росписью;Терра-декор;Колекция Гладкий рябь беж;Терра Декор;Нет;Украина;Нет;;000001669;Горшок гладкий 7,5*7*0,2 рябь беж керамика;40;40;40;бежевый;7;0,2;7,5;есть в наличии
Керамика с росписью;Терра-декор;Колекция Гладкий рябь коричневый;Терра Декор;Нет;Украина;Нет;;000001670;Горшок гладкий 7,5*7*0,2 рябь коричневый керамика;40;40;40;коричневый;7;0,2;7,5;есть в наличии
Керамика с росписью;Терра-декор;Колекция Гладкий рябь салат;Терра Декор;Нет;Украина;Нет;;000001671;Горшок гладкий 7,5*7*0,2 рябь салат керамика;40;40;40;салат;7;0,2;7,5;есть в наличии
Керамика с росписью;Терра-декор;Колекция Ирис бамбук беж;Терра Декор;Нет;Украина;Нет;;000001672;Горшок Ирис 11*9,5*0,6 бамбук беж керамика;62;62;62;бежевый;9,5;0,6;11;есть в наличии
Керамика с росписью;Терра-декор;Колекция Ирис бамбук белый;Терра Декор;Нет;Украина;Нет;;000001673;Горшок Ирис 11*9,5*0,6 бамбук белый керамика;62;62;62;белый;9,5;0,6;11;есть в наличии
Керамика с росписью;Терра-декор;Колекция Ирис рябь беж;Терра Декор;Нет;Украина;Нет;;000001674;Горшок Ирис 11*9,5*0,6 рябь беж керамика;62;62;62;бежевый;9,5;0,6;11;есть в наличии
Керамика с росписью;Терра-декор;Колекция Ирис рябь коричневый;Терра Декор;Нет;Украина;Нет;;000001675;Горшок Ирис 11*9,5*0,6 рябь коричневый керамика;62;62;62;коричневый;9,5;0,6;11;есть в наличии
Керамика с росписью;Терра-декор;Колекция Ирис рябь салат;Терра Декор;Нет;Украина;Нет;;000001676;Горшок Ирис 11*9,5*0,6 рябь салат керамика;62;62;62;салат;9,5;0,6;11;есть в наличии
Керамика с росписью;Терра-декор;Колекция Ирис бамбук беж;Терра Декор;Нет;Украина;Нет;;000001677;Горшок Ирис 14*12*1,4 бамбук беж керамика;102;102;102;бежевый;12;1,4;14;есть в наличии
Керамика с росписью;Терра-декор;Колекция Ирис бамбук белый;Терра Декор;Нет;Украина;Нет;;000001678;Горшок Ирис 14*12*1,4 бамбук белый керамика;102;102;102;белый;12;1,4;14;есть в наличии
Керамика с росписью;Терра-декор;Колекция Ирис рябь беж;Терра Декор;Нет;Украина;Нет;;000001679;Горшок Ирис 14*12*1,4 рябь беж керамика;102;102;102;бежевый;12;1,4;14;есть в наличии
Керамика с росписью;Терра-декор;Колекция Ирис рябь коричневый;Терра Декор;Нет;Украина;Нет;;000001680;Горшок Ирис 14*12*1,4 рябь коричневый керамика;102;102;102;коричневый;12;1,4;14;есть в наличии
Керамика с росписью;Терра-декор;Колекция Ирис рябь салат;Терра Декор;Нет;Украина;Нет;;000001681;Горшок Ирис 14*12*1,4 рябь салат керамика;102;102;102;салат;12;1,4;14;Ожидается
Керамика с росписью;Терра-декор;Колекция Ирис бамбук беж;Терра Декор;Нет;Украина;Нет;;000001682;Горшок Ирис 8*7*0,25 бамбук беж керамика;46;46;46;бежевый;7;0,25;8;есть в наличии
Керамика с росписью;Терра-декор;Колекция Ирис бамбук белый;Терра Декор;Нет;Украина;Нет;;000001683;Горшок Ирис 8*7*0,25 бамбук белый керамика;46;46;46;белый;7;0,25;8;есть в наличии
Керамика с росписью;Терра-декор;Колекция Ирис рябь беж;Терра Декор;Нет;Украина;Нет;;000001684;Горшок Ирис 8*7*0,25 рябь беж керамика;46;46;46;бежевый;7;0,25;8;есть в наличии
Керамика с росписью;Терра-декор;Колекция Ирис рябь коричневый;Терра Декор;Нет;Украина;Нет;;000001685;Горшок Ирис 8*7*0,25 рябь коричневый керамика;46;46;46;коричневый;7;0,25;8;есть в наличии
Керамика с росписью;Терра-декор;Колекция Ирис рябь салат;Терра Декор;Нет;Украина;Нет;;000001686;Горшок Ирис 8*7*0,25 рябь салат керамика;46;46;46;салат;7;0,25;8;есть в наличии
Керамика с росписью;Терра-декор;Колекция Рельефный бамбук беж;Терра Декор;Нет;Украина;Нет;;000001687;Горшок рельефный 11*9,5*0,6 бамбук беж керамика;55;55;55;бежевый;9,5;0,6;11;есть в наличии
Керамика с росписью;Терра-декор;Колекция Рельефный бамбук белый;Терра Декор;Нет;Украина;Нет;;000001688;Горшок рельефный 11*9,5*0,6 бамбук белый керамика;55;55;55;белый;9,5;0,6;11;есть в наличии
Керамика с росписью;Терра-декор;Колекция Рельефный рябь беж;Терра Декор;Нет;Украина;Нет;;000001689;Горшок рельефный 11*9,5*0,6 рябь беж керамика;55;55;55;бежевый;9,5;0,6;11;есть в наличии
Керамика с росписью;Терра-декор;Колекция Рельефный рябь коричневый;Терра Декор;Нет;Украина;Нет;;000001690;Горшок рельефный 11*9,5*0,6 рябь коричневый керамика;55;55;55;коричневый;9,5;0,6;11;есть в наличии
Керамика с росписью;Терра-декор;Колекция Рельефный рябь салат;Терра Декор;Нет;Украина;Нет;;000001691;Горшок рельефный 11*9,5*0,6 рябь салат керамика;55;55;55;салат;9,5;0,6;11;есть в наличии
Керамика с росписью;Терра-декор;Колекция Рельефный бамбук беж;Терра Декор;Нет;Украина;Нет;;000001692;Горшок рельефный 16*11,5*1,5 бамбук беж керамика;86;86;86;бежевый;11,5;1,5;16;есть в наличии
Керамика с росписью;Терра-декор;Колекция Рельефный бамбук белый;Терра Декор;Нет;Украина;Нет;;000001693;Горшок рельефный 16*11,5*1,5 бамбук белый керамика;86;86;86;белый;11,5;1,5;16;есть в наличии
Керамика с росписью;Терра-декор;Колекция Рельефный рябь беж;Терра Декор;Нет;Украина;Нет;;000001694;Горшок рельефный 16*11,5*1,5 рябь беж керамика;86;86;86;бежевый;11,5;1,5;16;есть в наличии
Керамика с росписью;Терра-декор;Колекция Рельефный рябь коричневый;Терра Декор;Нет;Украина;Нет;;000001695;Горшок рельефный 16*11,5*1,5 рябь коричневый керамика;86;86;86;коричневый;11,5;1,5;16;есть в наличии
Керамика с росписью;Терра-декор;Колекция Рельефный рябь салат;Терра Декор;Нет;Украина;Нет;;000001696;Горшок рельефный 16*11,5*1,5 рябь салат керамика;86;86;86;салат;11,5;1,5;16;есть в наличии
Керамика с росписью;Терра-декор;Колекция Рельефный бамбук беж;Терра Декор;Нет;Украина;Нет;;000001697;Горшок рельефный 17*13*2,0 бамбук беж керамика;99;99;99;бежевый;13;2;17;есть в наличии
Керамика с росписью;Терра-декор;Колекция Рельефный бамбук белый;Терра Декор;Нет;Украина;Нет;;000001698;Горшок рельефный 17*13*2,0 бамбук белый керамика;99;99;99;белый;13;2;17;есть в наличии
Керамика с росписью;Терра-декор;Колекция Рельефный рябь беж;Терра Декор;Нет;Украина;Нет;;000001699;Горшок рельефный 17*13*2,0 рябь беж керамика;99;99;99;бежевый;13;2;17;есть в наличии
Керамика с росписью;Терра-декор;Колекция Рельефный рябь коричневый;Терра Декор;Нет;Украина;Нет;;000001700;Горшок рельефный 17*13*2,0 рябь коричневый керамика;99;99;99;коричневый;13;2;17;есть в наличии
Керамика с росписью;Терра-декор;Колекция Рельефный рябь салат;Терра Декор;Нет;Украина;Нет;;000001701;Горшок рельефный 17*13*2,0 рябь салат керамика;99;99;99;салат;13;2;17;есть в наличии
Керамика с росписью;Терра-декор;Колекция Рельефный бамбук беж;Терра Декор;Нет;Украина;Нет;;000001702;Горшок рельефный 7,5*6*0,15 бамбук беж керамика;40;40;40;бежевый;6;0,15;7,5;есть в наличии
Керамика с росписью;Терра-декор;Колекция Рельефный бамбук белый;Терра Декор;Нет;Украина;Нет;;000001703;Горшок рельефный 7,5*6*0,15 бамбук белый керамика;40;40;40;белый;6;0,15;7,5;есть в наличии
Керамика с росписью;Терра-декор;Колекция Рельефный рябь беж;Терра Декор;Нет;Украина;Нет;;000001704;Горшок рельефный 7,5*6*0,15 рябь беж керамика;40;40;40;бежевый;6;0,15;7,5;есть в наличии
Керамика с росписью;Терра-декор;Колекция Рельефный рябь коричневый;Терра Декор;Нет;Украина;Нет;;000001705;Горшок рельефный 7,5*6*0,15 рябь коричневый керамика;40;40;40;коричневый;6;0,15;7,5;есть в наличии
Керамика с росписью;Терра-декор;Колекция Рельефный рябь салат;Терра Декор;Нет;Украина;Нет;;000001706;Горшок рельефный 7,5*6*0,15 рябь салат керамика;40;40;40;салат;6;0,15;7,5;есть в наличии
Кашпо под орхидеи;Стеклянные кашпо;Колекция Орхидейница стекло 1 ребро;Веригос;Нет;Украина;Нет;;000001728;Орхидейница стекло 1 ребро, темно-зеленая;0;0;0;темно-зеленый;16,5;1,2;13;Ожидается
Кашпо под орхидеи;Стеклянные кашпо;Колекция Орхидейница стекло 1 ребро;Веригос;Нет;Украина;Нет;;000001729;Орхидейница стекло 1 ребро, темно-фиолетовая;0;0;0;темно-фиолетовый;16,5;1,2;13;Ожидается
Кашпо под орхидеи;Стеклянные кашпо;Колекция Орхидейница стекло 1 ребро;Веригос;Нет;Украина;Нет;;000001730;Орхидейница стекло 1 ребро, салат;0;0;0;салат;16,5;1,2;13;Ожидается
Кашпо под орхидеи;Стеклянные кашпо;Колекция Орхидейница стекло 1 ребро;Веригос;Нет;Украина;Нет;;000001731;Орхидейница стекло 1 ребро, оранжевая;0;0;0;оранжевый;16,5;1,2;13;Ожидается
Кашпо под орхидеи;Стеклянные кашпо;Колекция Орхидейница стекло 1 ребро;Веригос;Нет;Украина;Нет;;000001732;Орхидейница стекло 1 ребро, прозрачная;0;0;0;Прозрачный;16,5;1,2;13;Ожидается
Кашпо под орхидеи;Стеклянные кашпо;Колекция Орхидейница стекло 1 ребро;Веригос;Нет;Украина;Нет;;000001733;Орхидейница стекло 1 ребро, желтая;0;0;0;желтый;16,5;1,2;13;Ожидается
Кашпо под орхидеи;Стеклянные кашпо;Колекция Орхидейница стекло 1 ребро;Веригос;Нет;Украина;Нет;;000001734;Орхидейница стекло 1 ребро, красная;0;0;0;красный;16,5;1,2;13;Ожидается
Кашпо под орхидеи;Стеклянные кашпо;Колекция Орхидейница стекло гладка;Веригос;Нет;Украина;Нет;;000001735;Орхидейница стекло гладка, фиолетовая;0;0;0;фиолетовый;16,5;1,2;13;Ожидается
Кашпо под орхидеи;Стеклянные кашпо;Колекция Орхидейница стекло гладка;Веригос;Нет;Украина;Нет;;000001736;Орхидейница стекло гладка, прозрачная;0;0;0;Прозрачный;16,5;1,2;13;Ожидается
Кашпо под орхидеи;Стеклянные кашпо;Колекция Орхидейница стекло гладка;Веригос;Нет;Украина;Нет;;000001737;Орхидейница стекло гладка, розовая;0;0;0;розовый;16,5;1,2;13;Ожидается
Кашпо под орхидеи;Стеклянные кашпо;Колекция Орхидейница Gorshki стекло;Gorshki;Нет;Украина;Нет;;000001742;Орхидейница 13*15*1,0 желтая, стекло;108;108;108;желтый;15;1;13;есть в наличии
Кашпо под орхидеи;Стеклянные кашпо;Колекция Орхидейница Gorshki стекло;Gorshki;Нет;Украина;Нет;;000001743;Орхидейница 13*15*1,0 салатова, стекло;108;108;108;салат;15;1;13;есть в наличии
Кашпо под орхидеи;Стеклянные кашпо;Колекция Орхидейница Gorshki стекло;Gorshki;Нет;Украина;Нет;;000001744;Орхидейница 13*15*1,0 фиолетовая, стекло;108;108;108;фиолетовый;15;1;13;есть в наличии
Кашпо под орхидеи;Стеклянные кашпо;Колекция Орхидейница Gorshki стекло;Gorshki;Нет;Украина;Нет;;000001745;Орхидейница 13*15*1,0 розовая, стекло;108;108;108;розовый;15;1;13;есть в наличии
Кашпо под орхидеи;Стеклянные кашпо;Колекция Орхидейница Gorshki стекло;Gorshki;Нет;Украина;Нет;;000001746;Орхидейница 13*15*1,0 оранж, стекло;108;108;108;оранжевый;15;1;13;есть в наличии
Кашпо под орхидеи;Стеклянные кашпо;Колекция Орхидейница Gorshki стекло;Gorshki;Нет;Украина;Нет;;000001747;Орхидейница 13*15*1,0 голубая, стекло;108;108;108;голубой;15;1;13;есть в наличии
Кашпо под орхидеи;Стеклянные кашпо;Колекция Орхидейница Gorshki стекло;Gorshki;Нет;Украина;Нет;;000001748;Орхидейница 13*15*1,0 прозрачная, стекло;97;97;97;Прозрачный;15;1;13;есть в наличии
;;;;;Украина;;;000001751;Орхидейница 16*18*2,0 прозрачная, стекло;116;116;116;;;;;есть в наличии
;;;;;;;;000001825;Полесский субстрат для антуриумов 5л;0;0;0;;;;;Ожидается
;;;;;;;;000001875;Горшок Виктория 16*15*1,9 глянец фиолет,керамика;0;0;0;;;;;есть в наличии
;;;;;;;;000001876;Горшок Виктория 18*16*2,5 глянец шоколад,керамика;0;0;0;;;;;Ожидается
;;;;;;;;000001877;Горшок Виктория 20*18*3,5 глянец зеленый, керамика;0;0;0;;;;;есть в наличии
;;;;;Украина;;;000001880;Орхидейница 16*18*2,0 салатовая, стекло;133;133;133;;;;;есть в наличии
;;;;;;;;000001897;Полесский субстрат Декор-лиственный 5л;0;0;0;;;;;есть в наличии
;;;;;Украина;;;000001967;Горшок гладкий 7,5*7*0,2 керамика;0;0;0;;;;;Ожидается
;;;;;;;;000001987;Горшок Ксения 5 26*24*7,5 люкс бронза,керамика;0;0;0;;;;;Ожидается
;;;;;;;;000001992;Горшок Магнолия 16*19*2,5 шелк,бордо,керамика;0;0;0;;;;;есть в наличии
;;;;;;;;000001993;Горшок КС фиалка 16*9*1,0 глянец шоколад, керамика;0;0;0;;;;;есть в наличии
;;;;;;;;000001995;Горшок Ксения 3 20*16*3,0 глянец графит,керамика;0;0;0;;;;;есть в наличии
;;;;;;;;000001996;Горшок Ксения 2 16*14*1,5 глянец графит,керамика;0;0;0;;;;;есть в наличии
;;;;;;;;000001997;;0;0;0;;;;;есть в наличии
;;;;;;;;000001998;;0;0;0;;;;;есть в наличии
;;;;;;;;000001999;;0;0;0;;;;;есть в наличии
;;;;;;;;000002000;Горшок Магнолия 13*15*1,3 шелк, бордо,керамика;0;0;0;;;;;есть в наличии
;;;;;Украина;;;000002001;;0;0;0;;;;;Ожидается
;;;;;Украина;;;000002002;;0;0;0;;;;;Ожидается
;;;;;Украина;;;000002003;;0;0;0;;;;;есть в наличии
;;;;;Украина;;;000002004;;0;0;0;;;;;есть в наличии
;;;;;Украина;;;000002005;;0;0;0;;;;;есть в наличии
;;;;;Украина;;;000002009;Орхидейница 16*18*2,0 голубая, стекло;133;133;133;;;;;есть в наличии
;;;;;Украина;;;000002010;Орхидейница 16*18*2,0 желтая, стекло;133;133;133;;;;;есть в наличии
;;;;;Украина;;;000002011;Орхидейница 16*18*2,0 оранж, стекло;133;133;133;;;;;есть в наличии
;;;;;Украина;;;000002012;Орхидейница 16*18*2,0 розовая, стекло;133;133;133;;;;;есть в наличии
;;;;;Украина;;;000002013;Орхидейница 16*18*2,0 фиолетовая, стекло;133;133;133;;;;;есть в наличии
;;;;;Украина;;;000002014;Стимовит 0,5 для овощей;0;0;0;;;;;есть в наличии
;;;;;Украина;;;000002015;Стимовит 0,5 для овощей;15;15;15;;;;;есть в наличии
;;;;;;;;000002027;Горшок Ксения 6 32*29*13 глянець яркий желт, керамика;0;0;0;;;;;есть в наличии
;;;;;;;;000002028;Горшок Ксения 6 32*29*13 глянець яркий фиолет, керамика;0;0;0;;;;;есть в наличии
;;;;;;;;000002029;Горшок Ксения 6 32*29*13 глянець яркий зелен, керамика;0;0;0;;;;;есть в наличии
;;;;;;;;000002030;Горшок Ксения 6 32*29*13 глянець яркий оранж, керамика;0;0;0;;;;;есть в наличии
;;;;;;;;000002031;Грунт Универсальный Экофлора 20л;0;0;0;;;;;есть в наличии
;;;;;Украина;;;000002033;Пиала V 0,6 дымленая;0;0;0;;;;;Ожидается
;;;;;;;;000002064;Горшок Ксения 4 23*22*5,3 глянец яркий желтый, керамика;0;0;0;;;;;есть в наличии
;;;;;;;;000002065;Горшок Ксения 4 23*22*5,3 глянец яркий зеленый, керамика;0;0;0;;;;;есть в наличии
;;;;;;;;000002066;Горшок Ксения 4 23*22*5,3 глянец яркий оранж, керамика;0;0;0;;;;;есть в наличии
;;;;;;;;000002067;Горшок Ксения 4 23*22*5,3 глянец яркий фиолет, керамика;0;0;0;;;;;есть в наличии
;;;;;;;;000002068;Горшок КС 5 26*24*7,5 глянец яркий желтый, керамика;0;0;0;;;;;Ожидается
;;;;;;;;000002069;Горшок КС 5 26*24*7,5 глянец яркий зеленый, керамика;0;0;0;;;;;Ожидается
;;;;;;;;000002070;Горшок КС 5 26*24*7,5 глянец яркий оранж, керамика;0;0;0;;;;;Ожидается
;;;;;;;;000002071;Горшок КС 5 26*24*7,5 глянец яркий фиолет, керамика;0;0;0;;;;;есть в наличии
;;;;;;;;000002072;Горшок КС 7 33*30*15 глянец яркий желтый,керамика;0;0;0;;;;;Ожидается
;;;;;;;;000002073;Горшок КС 7 33*30*15 глянец яркий оранж,керамика;0;0;0;;;;;Ожидается
;;;;;;;;000002074;Горшок КС 7 33*30*15 глянец яркий зеленый,керамика;0;0;0;;;;;Ожидается
;;;;;;;;000002075;Горшок КС 7 33*30*15 глянец яркий фиолет,керамика;0;0;0;;;;;Ожидается
;;;;;;;;000002078;Горшок Магнолия 20*18*3,0 шелк,бордо,керамика;0;0;0;;;;;есть в наличии
;;;;;;;;000002083;Горшок Плошка 12*30*6 люкс бронза,керамика;0;0;0;;;;;Ожидается
;;;;;;;;000002110;;0;0;0;;;;;Ожидается
;;;;;;;;000002111;;11;11;11;;;;;есть в наличии
;;;;;;;;000002196;Грунт Универсальный Экофлора 7л;0;0;0;;;;;есть в наличии
;;;;;;;;000002199;Полесский субстрат Розсада 5л;0;0;0;;;;;есть в наличии
;;;;;;;;000002201;Горшок Ксения 8 глянец  молочний;0;0;0;;;;;есть в наличии
;;;;;;;;000002202;;0;0;0;;;;;Ожидается
;;;;;;;;000002401;Горшок Магнолия 16*19*2,5 шелк,беж,керамика;0;0;0;;;;;есть в наличии
;;;;;;;;000002429;;0;0;0;;;;;есть в наличии
